-- phpMyAdmin SQL Dump
-- version 3.4.5
-- http://www.phpmyadmin.net
--
-- Host: localhost
-- Generation Time: Aug 05, 2012 at 08:59 PM
-- Server version: 5.5.16
-- PHP Version: 5.3.8

SET SQL_MODE="NO_AUTO_VALUE_ON_ZERO";
SET time_zone = "+00:00";


/*!40101 SET @OLD_CHARACTER_SET_CLIENT=@@CHARACTER_SET_CLIENT */;
/*!40101 SET @OLD_CHARACTER_SET_RESULTS=@@CHARACTER_SET_RESULTS */;
/*!40101 SET @OLD_COLLATION_CONNECTION=@@COLLATION_CONNECTION */;
/*!40101 SET NAMES utf8 */;

--
-- Database: `sxccms`
--

-- --------------------------------------------------------

--
-- Table structure for table `blocksetsinfo`
--

CREATE TABLE IF NOT EXISTS `blocksetsinfo` (
  `BlockSetID` bigint(20) unsigned NOT NULL,
  `BlockID` bigint(20) unsigned NOT NULL,
  `Status` tinyint(1) DEFAULT '1',
  `Net` int(11) NOT NULL,
  PRIMARY KEY (`BlockSetID`,`BlockID`),
  KEY `BlockID` (`BlockID`)
) ENGINE=InnoDB DEFAULT CHARSET=latin1;

--
-- Dumping data for table `blocksetsinfo`
--

INSERT INTO `blocksetsinfo` (`BlockSetID`, `BlockID`, `Status`, `Net`) VALUES
(1333983742, 1333983633, 0, 5),
(1340989908, 1333983633, 0, 4),
(1341636909, 1333983633, 0, 5),
(1341637021, 1333983633, 0, 6),
(1341655705, 1333983633, 0, 3),
(1341655770, 1333983633, 0, 20),
(1341655839, 1333983633, 0, 23),
(1341656153, 1333983633, 0, 4),
(1341656363, 1333983633, 0, 32),
(1341656758, 1333983633, 0, 23),
(1341656802, 1333983633, 0, 32),
(1341657197, 1333983633, 0, 43),
(1341657260, 1333983633, 0, 32),
(1341657320, 1333983633, 0, 32),
(1341657892, 1333983633, 0, 23),
(1341658263, 1333983633, 0, 32),
(1341658512, 1333983633, 0, 32),
(1341658677, 1333983633, 0, 32),
(1341658933, 1333983633, 0, 32),
(1341659055, 1333983633, 0, 32),
(1341659122, 1333983633, 0, 32),
(1341659463, 1333983633, 0, 32),
(1341659573, 1333983633, 0, 221),
(1341659741, 1333983633, 0, 33),
(1341659821, 1333983633, 0, 34),
(1341659879, 1333983633, 0, 32),
(1341660042, 1333983633, 0, 32),
(1341660162, 1333983633, 0, 55),
(1341660209, 1333983633, 0, 200),
(1341660360, 1333983633, 0, 33),
(1341661281, 1333983633, 0, 32),
(1341661352, 1333983633, 0, 32),
(1341661447, 1333983633, 0, 34),
(1341661484, 1333983633, 0, 32),
(1341661623, 1333983633, 0, 32),
(1341661777, 1333983633, 0, 32),
(1341662058, 1333983633, 0, 32),
(1341677482, 1339297082, 0, 7),
(134279564629871600, 1339297082, 1, 50),
(134289412722057200, 134285321226557800, 1, 4),
(134292860699719900, 134292677607871500, 0, 4),
(134292935843240700, 134292677607871500, 0, 4),
(134293031711319800, 134292677607871500, 1, 4),
(134298570269117200, 134298530425771700, 1, 4),
(134370849611215800, 1333983633, 0, 3),
(134419270361352700, 1333983633, 1, 4);

-- --------------------------------------------------------

--
-- Table structure for table `blocksinfo`
--

CREATE TABLE IF NOT EXISTS `blocksinfo` (
  `BlockID` bigint(20) unsigned NOT NULL,
  `Department` varchar(15) NOT NULL,
  `Year` tinyint(1) NOT NULL,
  `Room` int(11) NOT NULL,
  `CRID` bigint(20) unsigned DEFAULT NULL,
  PRIMARY KEY (`BlockID`),
  KEY `Department` (`Department`),
  KEY `CRID` (`CRID`),
  KEY `blocksinfo_ibfk_2` (`CRID`)
) ENGINE=InnoDB DEFAULT CHARSET=latin1;

--
-- Dumping data for table `blocksinfo`
--

INSERT INTO `blocksinfo` (`BlockID`, `Department`, `Year`, `Room`, `CRID`) VALUES
(1333983633, 'CMSA', 2, 32, 1334313221),
(1339219732, 'ENGA', 1, 10, NULL),
(1339219733, 'ENGA', 2, 13, 134284854781715600),
(1339219734, 'ENGA', 3, 21, NULL),
(1339297078, 'COGA', 1, 33, NULL),
(1339297080, 'COGA', 2, 34, NULL),
(1339297081, 'COGA', 3, 35, NULL),
(1339297082, 'COGA', 4, 36, 1339297197),
(1339297083, 'COGA', 5, 37, NULL),
(1340419035, 'BMBT', 1, 23, NULL),
(1340419036, 'BMBT', 2, 24, 123),
(1340419037, 'BMBT', 3, 25, NULL),
(1340419038, 'BMBT', 4, 26, NULL),
(1340419039, 'BMBT', 5, 27, NULL),
(1340419120, 'MCBA', 1, 33, NULL),
(1340419121, 'MCBA', 2, 35, NULL),
(1340419122, 'MCBA', 3, 34, NULL),
(1340419275, 'MTMA', 1, 12, NULL),
(1340419276, 'MTMA', 2, 13, NULL),
(1340419277, 'MTMA', 3, 14, NULL),
(1341042604, 'CMSA', 3, 46, 134284247492159800),
(1341046820, 'CMSA', 4, 99, 134284229452714000),
(134237963740166500, 'CEMA', 1, 1, NULL),
(134237963740336200, 'CEMA', 2, 2, NULL),
(134237963742753500, 'CEMA', 3, 3, NULL),
(134285321226557800, 'PLSA', 1, 12, 134285344092515700),
(134285321232617800, 'PLSA', 2, 13, NULL),
(134285321234274100, 'PLSA', 3, 14, NULL),
(134289338129117800, 'PLSA', 4, 112, NULL),
(134289422115970000, 'HISA', 1, 41, NULL),
(134289422116782700, 'HISA', 2, 44, NULL),
(134289422117144800, 'HISA', 3, 42, NULL),
(134289532277603800, 'BBA', 1, 45, NULL),
(134289532277951800, 'BBA', 2, 46, NULL),
(134289532278218300, 'BBA', 3, 47, NULL),
(134292677607871500, 'BIOA', 1, 25, 134292858867091900),
(134292677608435800, 'BIOA', 2, 26, NULL),
(134292677614196000, 'BIOA', 3, 27, NULL),
(134298530425771700, 'SOCA', 1, 13, 134298561724562300),
(134298530442802700, 'SOCA', 2, 15, NULL),
(134298530443135400, 'SOCA', 3, 18, NULL);

-- --------------------------------------------------------

--
-- Table structure for table `codesetsinfo`
--

CREATE TABLE IF NOT EXISTS `codesetsinfo` (
  `BlockSetID` bigint(20) unsigned NOT NULL,
  `Code` bigint(20) unsigned NOT NULL,
  `Valid` tinyint(1) DEFAULT '1',
  `UserID` bigint(20) unsigned DEFAULT NULL,
  PRIMARY KEY (`BlockSetID`,`Code`),
  KEY `UserID` (`UserID`)
) ENGINE=InnoDB DEFAULT CHARSET=latin1;

--
-- Dumping data for table `codesetsinfo`
--

INSERT INTO `codesetsinfo` (`BlockSetID`, `Code`, `Valid`, `UserID`) VALUES
(1333983742, 1516164644, 1, 1334313221),
(1333983742, 3729332032, 1, NULL),
(1333983742, 5535086120, 1, 1333983784),
(1333983742, 8686422077, 1, 1334313569),
(1333983742, 8875565137, 1, NULL),
(1340989908, 3049429480, 1, NULL),
(1340989908, 5581885286, 1, NULL),
(1340989908, 7269242082, 1, NULL),
(1340989908, 9097922251, 1, NULL),
(1341636909, 1195491419, 1, NULL),
(1341636909, 3219026688, 1, NULL),
(1341636909, 5404749948, 1, NULL),
(1341636909, 7019100200, 1, NULL),
(1341636909, 8266669953, 1, NULL),
(1341637021, 1131622389, 1, NULL),
(1341637021, 3923621924, 1, NULL),
(1341637021, 5745348164, 1, NULL),
(1341637021, 6544830099, 1, NULL),
(1341637021, 7123242732, 1, NULL),
(1341637021, 7257012902, 1, NULL),
(1341655705, 874063059, 1, NULL),
(1341655705, 949020298, 1, NULL),
(1341655705, 1423254676, 1, NULL),
(1341655770, 1101217496, 1, NULL),
(1341655770, 2064697938, 1, NULL),
(1341655770, 2181230532, 1, NULL),
(1341655770, 2519055194, 1, NULL),
(1341655770, 2672768494, 1, NULL),
(1341655770, 3927818492, 1, NULL),
(1341655770, 3971646407, 1, NULL),
(1341655770, 4815284141, 1, NULL),
(1341655770, 4976172870, 1, NULL),
(1341655770, 5304261347, 1, NULL),
(1341655770, 5506367792, 1, NULL),
(1341655770, 6196934539, 1, NULL),
(1341655770, 6678787613, 1, NULL),
(1341655770, 6983675746, 1, NULL),
(1341655770, 7746356021, 1, NULL),
(1341655770, 7817990322, 1, NULL),
(1341655770, 8089976894, 1, NULL),
(1341655770, 8223699045, 1, NULL),
(1341655770, 8680753144, 1, NULL),
(1341655770, 9024007662, 1, NULL),
(1341655839, 1166584070, 1, NULL),
(1341655839, 1381513879, 1, NULL),
(1341655839, 2182543784, 1, NULL),
(1341655839, 2440316978, 1, NULL),
(1341655839, 2551367255, 1, NULL),
(1341655839, 3384409357, 1, NULL),
(1341655839, 4072808687, 1, NULL),
(1341655839, 4138456792, 1, NULL),
(1341655839, 4323834600, 1, NULL),
(1341655839, 4332310188, 1, NULL),
(1341655839, 4612059123, 1, NULL),
(1341655839, 4907449453, 1, NULL),
(1341655839, 5146844394, 1, NULL),
(1341655839, 5654341600, 1, NULL),
(1341655839, 5740947875, 1, NULL),
(1341655839, 5774842120, 1, NULL),
(1341655839, 6027166642, 1, NULL),
(1341655839, 6379236809, 1, NULL),
(1341655839, 6475233388, 1, NULL),
(1341655839, 7416604297, 1, NULL),
(1341655839, 7594293134, 1, NULL),
(1341655839, 7609965843, 1, NULL),
(1341655839, 7736293873, 1, NULL),
(1341656153, 2317550252, 1, NULL),
(1341656153, 5372733031, 1, NULL),
(1341656153, 5887346145, 1, NULL),
(1341656153, 7987999324, 1, NULL),
(1341656363, 101626994, 1, NULL),
(1341656363, 391458857, 1, NULL),
(1341656363, 637001170, 1, NULL),
(1341656363, 1036560895, 1, NULL),
(1341656363, 1086350833, 1, NULL),
(1341656363, 1253534413, 1, NULL),
(1341656363, 1496760195, 1, NULL),
(1341656363, 1636691886, 1, NULL),
(1341656363, 1926943061, 1, NULL),
(1341656363, 2044800071, 1, NULL),
(1341656363, 2289936155, 1, NULL),
(1341656363, 2763118411, 1, NULL),
(1341656363, 3254192166, 1, NULL),
(1341656363, 3513378332, 1, NULL),
(1341656363, 4284460794, 1, NULL),
(1341656363, 4320228253, 1, NULL),
(1341656363, 4329620360, 1, NULL),
(1341656363, 4773708401, 1, NULL),
(1341656363, 5472797741, 1, NULL),
(1341656363, 5541654221, 1, NULL),
(1341656363, 5847668143, 1, NULL),
(1341656363, 6208672707, 1, NULL),
(1341656363, 6518014798, 1, NULL),
(1341656363, 6529415309, 1, NULL),
(1341656363, 6896609799, 1, NULL),
(1341656363, 6979302806, 1, NULL),
(1341656363, 7350149057, 1, NULL),
(1341656363, 7934763150, 1, NULL),
(1341656363, 8024851795, 1, NULL),
(1341656363, 8257199056, 1, NULL),
(1341656363, 8497654903, 1, NULL),
(1341656363, 8923887504, 1, NULL),
(1341656758, 867628724, 1, NULL),
(1341656758, 1837898960, 1, NULL),
(1341656758, 2140652297, 1, NULL),
(1341656758, 2309995642, 1, NULL),
(1341656758, 2497708221, 1, NULL),
(1341656758, 2692142634, 1, NULL),
(1341656758, 2986813897, 1, NULL),
(1341656758, 3250435808, 1, NULL),
(1341656758, 3527449921, 1, NULL),
(1341656758, 3575971988, 1, NULL),
(1341656758, 4393713596, 1, NULL),
(1341656758, 4841071644, 1, NULL),
(1341656758, 5224184575, 1, NULL),
(1341656758, 5715987657, 1, NULL),
(1341656758, 6293724641, 1, NULL),
(1341656758, 6308156971, 1, NULL),
(1341656758, 6370092546, 1, NULL),
(1341656758, 6422120973, 1, NULL),
(1341656758, 6686106792, 1, NULL),
(1341656758, 7462048872, 1, NULL),
(1341656758, 8075751413, 1, NULL),
(1341656758, 8165024164, 1, NULL),
(1341656758, 8211424217, 1, NULL),
(1341656802, 440783272, 1, NULL),
(1341656802, 498523345, 1, NULL),
(1341656802, 785262545, 1, NULL),
(1341656802, 829997592, 1, NULL),
(1341656802, 1076368238, 1, NULL),
(1341656802, 1423630914, 1, NULL),
(1341656802, 1902907283, 1, NULL),
(1341656802, 1942829290, 1, NULL),
(1341656802, 2399413718, 1, NULL),
(1341656802, 2889452141, 1, NULL),
(1341656802, 4404104156, 1, NULL),
(1341656802, 4498579956, 1, NULL),
(1341656802, 4918796823, 1, NULL),
(1341656802, 5015320096, 1, NULL),
(1341656802, 5228597153, 1, NULL),
(1341656802, 5346656712, 1, NULL),
(1341656802, 5613485044, 1, NULL),
(1341656802, 5722279901, 1, NULL),
(1341656802, 5785846847, 1, NULL),
(1341656802, 5850469426, 1, NULL),
(1341656802, 5893825289, 1, NULL),
(1341656802, 6176974444, 1, NULL),
(1341656802, 6299087316, 1, NULL),
(1341656802, 6738320785, 1, NULL),
(1341656802, 6956384629, 1, NULL),
(1341656802, 7069922529, 1, NULL),
(1341656802, 7137713803, 1, NULL),
(1341656802, 7145724094, 1, NULL),
(1341656802, 7151000091, 1, NULL),
(1341656802, 7376234235, 1, NULL),
(1341656802, 7751149070, 1, NULL),
(1341656802, 8159359137, 1, NULL),
(1341657197, 576878608, 1, NULL),
(1341657197, 1004929277, 1, NULL),
(1341657197, 1086034148, 1, NULL),
(1341657197, 1152690999, 1, NULL),
(1341657197, 1643917480, 1, NULL),
(1341657197, 1720260005, 1, NULL),
(1341657197, 1993624546, 1, NULL),
(1341657197, 2353692180, 1, NULL),
(1341657197, 2760718488, 1, NULL),
(1341657197, 2835094367, 1, NULL),
(1341657197, 3189154046, 1, NULL),
(1341657197, 3391813704, 1, NULL),
(1341657197, 3483030470, 1, NULL),
(1341657197, 3505484817, 1, NULL),
(1341657197, 3749205550, 1, NULL),
(1341657197, 3808584603, 1, NULL),
(1341657197, 3974388279, 1, NULL),
(1341657197, 4878633417, 1, NULL),
(1341657197, 4975354905, 1, NULL),
(1341657197, 5284713173, 1, NULL),
(1341657197, 5442352330, 1, NULL),
(1341657197, 5442887029, 1, NULL),
(1341657197, 5926105708, 1, NULL),
(1341657197, 6261607284, 1, NULL),
(1341657197, 6380077598, 1, NULL),
(1341657197, 6507681160, 1, NULL),
(1341657197, 6592576479, 1, NULL),
(1341657197, 6631240195, 1, NULL),
(1341657197, 6944958168, 1, NULL),
(1341657197, 7018448566, 1, NULL),
(1341657197, 7338685438, 1, NULL),
(1341657197, 7377329540, 1, NULL),
(1341657197, 7539357521, 1, NULL),
(1341657197, 7544167090, 1, NULL),
(1341657197, 7588648249, 1, NULL),
(1341657197, 7777528000, 1, NULL),
(1341657197, 7974202628, 1, NULL),
(1341657197, 8049202707, 1, NULL),
(1341657197, 8263604498, 1, NULL),
(1341657197, 8439571860, 1, NULL),
(1341657197, 8518713513, 1, NULL),
(1341657197, 8785833745, 1, NULL),
(1341657197, 8843106292, 1, NULL),
(1341657260, 1066846379, 1, NULL),
(1341657260, 1470054588, 1, NULL),
(1341657260, 2065651044, 1, NULL),
(1341657260, 2426568411, 1, NULL),
(1341657260, 2623159378, 1, NULL),
(1341657260, 2871500971, 1, NULL),
(1341657260, 3050086529, 1, NULL),
(1341657260, 3094840360, 1, NULL),
(1341657260, 3120387973, 1, NULL),
(1341657260, 3255936155, 1, NULL),
(1341657260, 3489310267, 1, NULL),
(1341657260, 3750046146, 1, NULL),
(1341657260, 3766301372, 1, NULL),
(1341657260, 4208137807, 1, NULL),
(1341657260, 4857747625, 1, NULL),
(1341657260, 5019624463, 1, NULL),
(1341657260, 5586777057, 1, NULL),
(1341657260, 5768195765, 1, NULL),
(1341657260, 5847844021, 1, NULL),
(1341657260, 5904217324, 1, NULL),
(1341657260, 5952917832, 1, NULL),
(1341657260, 6291679423, 1, NULL),
(1341657260, 6494105226, 1, NULL),
(1341657260, 6530967998, 1, NULL),
(1341657260, 6603842075, 1, NULL),
(1341657260, 6636958673, 1, NULL),
(1341657260, 7052041926, 1, NULL),
(1341657260, 7118725523, 1, NULL),
(1341657260, 8415867134, 1, NULL),
(1341657260, 8722257521, 1, NULL),
(1341657260, 9025920253, 1, NULL),
(1341657260, 9066077096, 1, NULL),
(1341657320, 259993139, 1, NULL),
(1341657320, 650930216, 1, NULL),
(1341657320, 2232036005, 1, NULL),
(1341657320, 2478430230, 1, NULL),
(1341657320, 2960895326, 1, NULL),
(1341657320, 3019215695, 1, NULL),
(1341657320, 3343457935, 1, NULL),
(1341657320, 3646831709, 1, NULL),
(1341657320, 3801068534, 1, NULL),
(1341657320, 4059158757, 1, NULL),
(1341657320, 4092701575, 1, NULL),
(1341657320, 4317455217, 1, NULL),
(1341657320, 4323486081, 1, NULL),
(1341657320, 4368691478, 1, NULL),
(1341657320, 4510831700, 1, NULL),
(1341657320, 4575960948, 1, NULL),
(1341657320, 5170687389, 1, NULL),
(1341657320, 5699761658, 1, NULL),
(1341657320, 5799268512, 1, NULL),
(1341657320, 5980796378, 1, NULL),
(1341657320, 6967880913, 1, NULL),
(1341657320, 7191167680, 1, NULL),
(1341657320, 7267742853, 1, NULL),
(1341657320, 7296323232, 1, NULL),
(1341657320, 7411142498, 1, NULL),
(1341657320, 7622156257, 1, NULL),
(1341657320, 8008368891, 1, NULL),
(1341657320, 8103785015, 1, NULL),
(1341657320, 8493137234, 1, NULL),
(1341657320, 8601637022, 1, NULL),
(1341657320, 8798191596, 1, NULL),
(1341657320, 9057990914, 1, NULL),
(1341657892, 558648170, 1, NULL),
(1341657892, 650036027, 1, NULL),
(1341657892, 1213163589, 1, NULL),
(1341657892, 1548599156, 1, NULL),
(1341657892, 1698045238, 1, NULL),
(1341657892, 1886341181, 1, NULL),
(1341657892, 1940268728, 1, NULL),
(1341657892, 3484045057, 1, NULL),
(1341657892, 4229854648, 1, NULL),
(1341657892, 4702053807, 1, NULL),
(1341657892, 5066534815, 1, NULL),
(1341657892, 5208902103, 1, NULL),
(1341657892, 5556729845, 1, NULL),
(1341657892, 5692215414, 1, NULL),
(1341657892, 6227816580, 1, NULL),
(1341657892, 6333623070, 1, NULL),
(1341657892, 6440118385, 1, NULL),
(1341657892, 7359825679, 1, NULL),
(1341657892, 7403476049, 1, NULL),
(1341657892, 7611927586, 1, NULL),
(1341657892, 8461954207, 1, NULL),
(1341657892, 8828655028, 1, NULL),
(1341657892, 9006456493, 1, NULL),
(1341658263, 201739759, 1, NULL),
(1341658263, 885755663, 1, NULL),
(1341658263, 1229548047, 1, NULL),
(1341658263, 1789480813, 1, NULL),
(1341658263, 1864802372, 1, NULL),
(1341658263, 2253003453, 1, NULL),
(1341658263, 2492259624, 1, NULL),
(1341658263, 2520688600, 1, NULL),
(1341658263, 2684054115, 1, NULL),
(1341658263, 2721040067, 1, NULL),
(1341658263, 2898224003, 1, NULL),
(1341658263, 3055343516, 1, NULL),
(1341658263, 3116106648, 1, NULL),
(1341658263, 3759413886, 1, NULL),
(1341658263, 3769498850, 1, NULL),
(1341658263, 3815203189, 1, NULL),
(1341658263, 4152227429, 1, NULL),
(1341658263, 4394084479, 1, NULL),
(1341658263, 4607573782, 1, NULL),
(1341658263, 4677400384, 1, NULL),
(1341658263, 5462670156, 1, NULL),
(1341658263, 5703224675, 1, NULL),
(1341658263, 5822507221, 1, NULL),
(1341658263, 6058850387, 1, NULL),
(1341658263, 6829054493, 1, NULL),
(1341658263, 7165840461, 1, NULL),
(1341658263, 7350600732, 1, NULL),
(1341658263, 7538577048, 1, NULL),
(1341658263, 8417707498, 1, NULL),
(1341658263, 8600658645, 1, NULL),
(1341658263, 8875692190, 1, NULL),
(1341658263, 9003870432, 1, NULL),
(1341658512, 551448450, 1, NULL),
(1341658512, 1064588806, 1, NULL),
(1341658512, 1436804014, 1, NULL),
(1341658512, 1451571209, 1, NULL),
(1341658512, 1665765506, 1, NULL),
(1341658512, 2078010705, 1, NULL),
(1341658512, 3154605878, 1, NULL),
(1341658512, 3401900059, 1, NULL),
(1341658512, 3599088531, 1, NULL),
(1341658512, 4184869636, 1, NULL),
(1341658512, 4185726266, 1, NULL),
(1341658512, 4693194278, 1, NULL),
(1341658512, 4905892623, 1, NULL),
(1341658512, 5035061389, 1, NULL),
(1341658512, 5590316341, 1, NULL),
(1341658512, 5613916620, 1, NULL),
(1341658512, 5779799731, 1, NULL),
(1341658512, 6296973073, 1, NULL),
(1341658512, 6298758217, 1, NULL),
(1341658512, 6313809324, 1, NULL),
(1341658512, 6588014267, 1, NULL),
(1341658512, 6755214821, 1, NULL),
(1341658512, 6921863845, 1, NULL),
(1341658512, 7227373428, 1, NULL),
(1341658512, 7689742752, 1, NULL),
(1341658512, 8212858847, 1, NULL),
(1341658512, 8261071202, 1, NULL),
(1341658512, 8389464063, 1, NULL),
(1341658512, 8487678419, 1, NULL),
(1341658512, 8533354468, 1, NULL),
(1341658512, 8555178765, 1, NULL),
(1341658512, 9078664158, 1, NULL),
(1341658677, 434652690, 1, NULL),
(1341658677, 615739064, 1, NULL),
(1341658677, 973373289, 1, NULL),
(1341658677, 1097511832, 1, NULL),
(1341658677, 1189842544, 1, NULL),
(1341658677, 1614682081, 1, NULL),
(1341658677, 1883232039, 1, NULL),
(1341658677, 2044552336, 1, NULL),
(1341658677, 2439927949, 1, NULL),
(1341658677, 2779553706, 1, NULL),
(1341658677, 3238402530, 1, NULL),
(1341658677, 3557382016, 1, NULL),
(1341658677, 3907438129, 1, NULL),
(1341658677, 3982543829, 1, NULL),
(1341658677, 5426320055, 1, NULL),
(1341658677, 5802948486, 1, NULL),
(1341658677, 6172828344, 1, NULL),
(1341658677, 6312306994, 1, NULL),
(1341658677, 6444149519, 1, NULL),
(1341658677, 6510551878, 1, NULL),
(1341658677, 6512521056, 1, NULL),
(1341658677, 6839693165, 1, NULL),
(1341658677, 6841381255, 1, NULL),
(1341658677, 6948951055, 1, NULL),
(1341658677, 7036489699, 1, NULL),
(1341658677, 7183645392, 1, NULL),
(1341658677, 7202642087, 1, NULL),
(1341658677, 7280664068, 1, NULL),
(1341658677, 7410627489, 1, NULL),
(1341658677, 7784504837, 1, NULL),
(1341658677, 8390598939, 1, NULL),
(1341658677, 8807104526, 1, NULL),
(1341658933, 152701518, 1, NULL),
(1341658933, 979329461, 1, NULL),
(1341658933, 1156702142, 1, NULL),
(1341658933, 1297743395, 1, NULL),
(1341658933, 1324955076, 1, NULL),
(1341658933, 1335342132, 1, NULL),
(1341658933, 2328111072, 1, NULL),
(1341658933, 2810838883, 1, NULL),
(1341658933, 2936449774, 1, NULL),
(1341658933, 3168943760, 1, NULL),
(1341658933, 3509249205, 1, NULL),
(1341658933, 3520690042, 1, NULL),
(1341658933, 3542903259, 1, NULL),
(1341658933, 3588313275, 1, NULL),
(1341658933, 3621958654, 1, NULL),
(1341658933, 3720940314, 1, NULL),
(1341658933, 4237978925, 1, NULL),
(1341658933, 4436012586, 1, NULL),
(1341658933, 4701755789, 1, NULL),
(1341658933, 5364130935, 1, NULL),
(1341658933, 5459935292, 1, NULL),
(1341658933, 5752384445, 1, NULL),
(1341658933, 5782666568, 1, NULL),
(1341658933, 5881885972, 1, NULL),
(1341658933, 6747067158, 1, NULL),
(1341658933, 6817536526, 1, NULL),
(1341658933, 6819930297, 1, NULL),
(1341658933, 7416199954, 1, NULL),
(1341658933, 7534529243, 1, NULL),
(1341658933, 7742498426, 1, NULL),
(1341658933, 7815658560, 1, NULL),
(1341658933, 8255530194, 1, NULL),
(1341659055, 236114271, 1, NULL),
(1341659055, 786135319, 1, NULL),
(1341659055, 937164448, 1, NULL),
(1341659055, 1177626859, 1, NULL),
(1341659055, 2347164831, 1, NULL),
(1341659055, 2688214623, 1, NULL),
(1341659055, 2791110188, 1, NULL),
(1341659055, 3071801593, 1, NULL),
(1341659055, 3323220416, 1, NULL),
(1341659055, 3412099838, 1, NULL),
(1341659055, 3452170305, 1, NULL),
(1341659055, 3599016563, 1, NULL),
(1341659055, 3938524982, 1, NULL),
(1341659055, 3994388246, 1, NULL),
(1341659055, 4461958549, 1, NULL),
(1341659055, 5033344063, 1, NULL),
(1341659055, 5482098946, 1, NULL),
(1341659055, 5504650465, 1, NULL),
(1341659055, 5602093510, 1, NULL),
(1341659055, 5791150756, 1, NULL),
(1341659055, 6139525677, 1, NULL),
(1341659055, 6486065858, 1, NULL),
(1341659055, 7264996682, 1, NULL),
(1341659055, 7407442273, 1, NULL),
(1341659055, 7746640075, 1, NULL),
(1341659055, 7941093833, 1, NULL),
(1341659055, 8100320079, 1, NULL),
(1341659055, 8161680446, 1, NULL),
(1341659055, 8464561314, 1, NULL),
(1341659055, 8516640878, 1, NULL),
(1341659055, 8674168313, 1, NULL),
(1341659055, 9002150960, 1, NULL),
(1341659122, 302996267, 1, NULL),
(1341659122, 351144693, 1, NULL),
(1341659122, 433891604, 1, NULL),
(1341659122, 589065736, 1, NULL),
(1341659122, 893193428, 1, NULL),
(1341659122, 971959070, 1, NULL),
(1341659122, 1314775708, 1, NULL),
(1341659122, 1507825883, 1, NULL),
(1341659122, 2628339076, 1, NULL),
(1341659122, 2803257183, 1, NULL),
(1341659122, 2982089798, 1, NULL),
(1341659122, 3521145263, 1, NULL),
(1341659122, 3715654241, 1, NULL),
(1341659122, 3838223960, 1, NULL),
(1341659122, 4497603154, 1, NULL),
(1341659122, 4508774454, 1, NULL),
(1341659122, 5315018724, 1, NULL),
(1341659122, 5350024074, 1, NULL),
(1341659122, 5445163797, 1, NULL),
(1341659122, 5567642429, 1, NULL),
(1341659122, 5734243442, 1, NULL),
(1341659122, 5926434799, 1, NULL),
(1341659122, 6744374053, 1, NULL),
(1341659122, 7200301909, 1, NULL),
(1341659122, 7223540543, 1, NULL),
(1341659122, 7248740584, 1, NULL),
(1341659122, 7736853315, 1, NULL),
(1341659122, 8072385182, 1, NULL),
(1341659122, 8099107201, 1, NULL),
(1341659122, 8695789499, 1, NULL),
(1341659122, 8851545821, 1, NULL),
(1341659122, 8861692685, 1, NULL),
(1341659463, 158015988, 1, NULL),
(1341659463, 164202889, 1, NULL),
(1341659463, 399891068, 1, NULL),
(1341659463, 473100278, 1, NULL),
(1341659463, 517831780, 1, NULL),
(1341659463, 542983650, 1, NULL),
(1341659463, 624480266, 1, NULL),
(1341659463, 790296615, 1, NULL),
(1341659463, 1065828464, 1, NULL),
(1341659463, 1625789368, 1, NULL),
(1341659463, 1712826690, 1, NULL),
(1341659463, 2219004694, 1, NULL),
(1341659463, 2300071586, 1, NULL),
(1341659463, 2966655437, 1, NULL),
(1341659463, 3287789935, 1, NULL),
(1341659463, 3344169122, 1, NULL),
(1341659463, 3660246877, 1, NULL),
(1341659463, 3796369446, 1, NULL),
(1341659463, 3809841763, 1, NULL),
(1341659463, 4103284834, 1, NULL),
(1341659463, 4229093487, 1, NULL),
(1341659463, 5054687381, 1, NULL),
(1341659463, 5639705590, 1, NULL),
(1341659463, 6261878136, 1, NULL),
(1341659463, 6309176202, 1, NULL),
(1341659463, 6475451779, 1, NULL),
(1341659463, 6751723700, 1, NULL),
(1341659463, 7350124875, 1, NULL),
(1341659463, 7820203496, 1, NULL),
(1341659463, 8273706058, 1, NULL),
(1341659463, 8305064023, 1, NULL),
(1341659463, 8315443460, 1, NULL),
(1341659573, 109964608, 1, NULL),
(1341659573, 208337565, 1, NULL),
(1341659573, 252692527, 1, NULL),
(1341659573, 346501647, 1, NULL),
(1341659573, 428612816, 1, NULL),
(1341659573, 479471396, 1, NULL),
(1341659573, 491642909, 1, NULL),
(1341659573, 529209886, 1, NULL),
(1341659573, 562901013, 1, NULL),
(1341659573, 588160004, 1, NULL),
(1341659573, 604548452, 1, NULL),
(1341659573, 617409091, 1, NULL),
(1341659573, 640063875, 1, NULL),
(1341659573, 658345200, 1, NULL),
(1341659573, 714378541, 1, NULL),
(1341659573, 765510431, 1, NULL),
(1341659573, 877284342, 1, NULL),
(1341659573, 878570243, 1, NULL),
(1341659573, 898995935, 1, NULL),
(1341659573, 918845179, 1, NULL),
(1341659573, 924558452, 1, NULL),
(1341659573, 977654078, 1, NULL),
(1341659573, 1085306557, 1, NULL),
(1341659573, 1123199272, 1, NULL),
(1341659573, 1177969570, 1, NULL),
(1341659573, 1264002480, 1, NULL),
(1341659573, 1271534651, 1, NULL),
(1341659573, 1291421806, 1, NULL),
(1341659573, 1291977208, 1, NULL),
(1341659573, 1362401765, 1, NULL),
(1341659573, 1471890803, 1, NULL),
(1341659573, 1514734717, 1, NULL),
(1341659573, 1576876764, 1, NULL),
(1341659573, 1643234883, 1, NULL),
(1341659573, 1649652588, 1, NULL),
(1341659573, 1675808526, 1, NULL),
(1341659573, 1712290559, 1, NULL),
(1341659573, 1804083781, 1, NULL),
(1341659573, 1807995004, 1, NULL),
(1341659573, 1847476835, 1, NULL),
(1341659573, 1878610610, 1, NULL),
(1341659573, 1915859201, 1, NULL),
(1341659573, 1959863639, 1, NULL),
(1341659573, 2029882874, 1, NULL),
(1341659573, 2069890460, 1, NULL),
(1341659573, 2096815556, 1, NULL),
(1341659573, 2126229515, 1, NULL),
(1341659573, 2158061301, 1, NULL),
(1341659573, 2190462151, 1, NULL),
(1341659573, 2195831464, 1, NULL),
(1341659573, 2250640955, 1, NULL),
(1341659573, 2254082925, 1, NULL),
(1341659573, 2302471652, 1, NULL),
(1341659573, 2321265119, 1, NULL),
(1341659573, 2349331654, 1, NULL),
(1341659573, 2448079719, 1, NULL),
(1341659573, 2545016395, 1, NULL),
(1341659573, 2574936119, 1, NULL),
(1341659573, 2644188719, 1, NULL),
(1341659573, 2657327679, 1, NULL),
(1341659573, 2682642569, 1, NULL),
(1341659573, 2724264141, 1, NULL),
(1341659573, 2725583461, 1, NULL),
(1341659573, 2740433369, 1, NULL),
(1341659573, 2808717398, 1, NULL),
(1341659573, 2826199542, 1, NULL),
(1341659573, 2835426332, 1, NULL),
(1341659573, 2849040203, 1, NULL),
(1341659573, 2876389255, 1, NULL),
(1341659573, 2880166811, 1, NULL),
(1341659573, 2905304801, 1, NULL),
(1341659573, 3000593243, 1, NULL),
(1341659573, 3076057152, 1, NULL),
(1341659573, 3138905257, 1, NULL),
(1341659573, 3167635940, 1, NULL),
(1341659573, 3171679144, 1, NULL),
(1341659573, 3208052253, 1, NULL),
(1341659573, 3224606814, 1, NULL),
(1341659573, 3261297774, 1, NULL),
(1341659573, 3268656213, 1, NULL),
(1341659573, 3401396516, 1, NULL),
(1341659573, 3598907934, 1, NULL),
(1341659573, 3633925807, 1, NULL),
(1341659573, 3679839903, 1, NULL),
(1341659573, 3714779665, 1, NULL),
(1341659573, 3725545751, 1, NULL),
(1341659573, 3742522306, 1, NULL),
(1341659573, 3766231442, 1, NULL),
(1341659573, 3803351714, 1, NULL),
(1341659573, 3804712449, 1, NULL),
(1341659573, 3813991484, 1, NULL),
(1341659573, 3865764094, 1, NULL),
(1341659573, 3869535951, 1, NULL),
(1341659573, 3910622297, 1, NULL),
(1341659573, 3920969404, 1, NULL),
(1341659573, 3995487784, 1, NULL),
(1341659573, 3998343230, 1, NULL),
(1341659573, 4007871241, 1, NULL),
(1341659573, 4043971604, 1, NULL),
(1341659573, 4055311271, 1, NULL),
(1341659573, 4060272695, 1, NULL),
(1341659573, 4174883160, 1, NULL),
(1341659573, 4185509686, 1, NULL),
(1341659573, 4207912552, 1, NULL),
(1341659573, 4266288476, 1, NULL),
(1341659573, 4282637931, 1, NULL),
(1341659573, 4284096207, 1, NULL),
(1341659573, 4292110756, 1, NULL),
(1341659573, 4296690209, 1, NULL),
(1341659573, 4345307284, 1, NULL),
(1341659573, 4350453798, 1, NULL),
(1341659573, 4487035468, 1, NULL),
(1341659573, 4504449375, 1, NULL),
(1341659573, 4511693376, 1, NULL),
(1341659573, 4542234517, 1, NULL),
(1341659573, 4841871848, 1, NULL),
(1341659573, 4881090815, 1, NULL),
(1341659573, 4891793348, 1, NULL),
(1341659573, 4892808204, 1, NULL),
(1341659573, 4910537514, 1, NULL),
(1341659573, 4920366821, 1, NULL),
(1341659573, 4958947179, 1, NULL),
(1341659573, 4979526276, 1, NULL),
(1341659573, 5129324306, 1, NULL),
(1341659573, 5172474645, 1, NULL),
(1341659573, 5249454731, 1, NULL),
(1341659573, 5270591385, 1, NULL),
(1341659573, 5294717913, 1, NULL),
(1341659573, 5322702934, 1, NULL),
(1341659573, 5343575482, 1, NULL),
(1341659573, 5349607133, 1, NULL),
(1341659573, 5357647449, 1, NULL),
(1341659573, 5374635739, 1, NULL),
(1341659573, 5399791909, 1, NULL),
(1341659573, 5415312763, 1, NULL),
(1341659573, 5428979029, 1, NULL),
(1341659573, 5440523734, 1, NULL),
(1341659573, 5451581837, 1, NULL),
(1341659573, 5479989875, 1, NULL),
(1341659573, 5525983708, 1, NULL),
(1341659573, 5622465985, 1, NULL),
(1341659573, 5637630357, 1, NULL),
(1341659573, 5666330261, 1, NULL),
(1341659573, 5678606707, 1, NULL),
(1341659573, 5683288863, 1, NULL),
(1341659573, 5740758117, 1, NULL),
(1341659573, 5780325042, 1, NULL),
(1341659573, 5806572066, 1, NULL),
(1341659573, 5858300889, 1, NULL),
(1341659573, 5859569784, 1, NULL),
(1341659573, 5860216087, 1, NULL),
(1341659573, 5878961610, 1, NULL),
(1341659573, 5881188062, 1, NULL),
(1341659573, 5947325527, 1, NULL),
(1341659573, 5954469046, 1, NULL),
(1341659573, 5958203301, 1, NULL),
(1341659573, 5968405645, 1, NULL),
(1341659573, 6000948501, 1, NULL),
(1341659573, 6005623868, 1, NULL),
(1341659573, 6061029573, 1, NULL),
(1341659573, 6064886941, 1, NULL),
(1341659573, 6067552814, 1, NULL),
(1341659573, 6349100732, 1, NULL),
(1341659573, 6360405665, 1, NULL),
(1341659573, 6413641990, 1, NULL),
(1341659573, 6414548594, 1, NULL),
(1341659573, 6417189907, 1, NULL),
(1341659573, 6426051582, 1, NULL),
(1341659573, 6442179177, 1, NULL),
(1341659573, 6567239452, 1, NULL),
(1341659573, 6731977394, 1, NULL),
(1341659573, 6733659265, 1, NULL),
(1341659573, 6844711427, 1, NULL),
(1341659573, 6865014542, 1, NULL),
(1341659573, 6925981698, 1, NULL),
(1341659573, 7005314132, 1, NULL),
(1341659573, 7011828321, 1, NULL),
(1341659573, 7076027010, 1, NULL),
(1341659573, 7078045180, 1, NULL),
(1341659573, 7163743007, 1, NULL),
(1341659573, 7175248560, 1, NULL),
(1341659573, 7220527098, 1, NULL),
(1341659573, 7308188017, 1, NULL),
(1341659573, 7313763844, 1, NULL),
(1341659573, 7374231907, 1, NULL),
(1341659573, 7520545345, 1, NULL),
(1341659573, 7613121378, 1, NULL),
(1341659573, 7677166780, 1, NULL),
(1341659573, 7713339939, 1, NULL),
(1341659573, 7720826663, 1, NULL),
(1341659573, 7720879578, 1, NULL),
(1341659573, 7923908769, 1, NULL),
(1341659573, 7936309384, 1, NULL),
(1341659573, 7964809909, 1, NULL),
(1341659573, 7964868674, 1, NULL),
(1341659573, 8089037476, 1, NULL),
(1341659573, 8093702617, 1, NULL),
(1341659573, 8206051023, 1, NULL),
(1341659573, 8307752041, 1, NULL),
(1341659573, 8341372030, 1, NULL),
(1341659573, 8378646983, 1, NULL),
(1341659573, 8388744812, 1, NULL),
(1341659573, 8395452757, 1, NULL),
(1341659573, 8429163649, 1, NULL),
(1341659573, 8444389384, 1, NULL),
(1341659573, 8456217247, 1, NULL),
(1341659573, 8492241686, 1, NULL),
(1341659573, 8498585982, 1, NULL),
(1341659573, 8608528204, 1, NULL),
(1341659573, 8705720948, 1, NULL),
(1341659573, 8705836593, 1, NULL),
(1341659573, 8731215454, 1, NULL),
(1341659573, 8813317872, 1, NULL),
(1341659573, 8851220159, 1, NULL),
(1341659573, 8876292485, 1, NULL),
(1341659573, 8890978166, 1, NULL),
(1341659573, 8911572619, 1, NULL),
(1341659573, 8987712403, 1, NULL),
(1341659573, 9056923068, 1, NULL),
(1341659573, 9067951826, 1, NULL),
(1341659573, 9094078453, 1, NULL),
(1341659741, 392345058, 1, NULL),
(1341659741, 650918188, 1, NULL),
(1341659741, 1163008124, 1, NULL),
(1341659741, 1555983512, 1, NULL),
(1341659741, 1718715464, 1, NULL),
(1341659741, 2231121145, 1, NULL),
(1341659741, 2311645754, 1, NULL),
(1341659741, 2771928713, 1, NULL),
(1341659741, 3725133109, 1, NULL),
(1341659741, 3748577837, 1, NULL),
(1341659741, 3926488686, 1, NULL),
(1341659741, 3983235319, 1, NULL),
(1341659741, 4017311368, 1, NULL),
(1341659741, 4154182038, 1, NULL),
(1341659741, 4360570403, 1, NULL),
(1341659741, 4703934907, 1, NULL),
(1341659741, 4744890512, 1, NULL),
(1341659741, 4872904076, 1, NULL),
(1341659741, 5087485483, 1, NULL),
(1341659741, 5239589021, 1, NULL),
(1341659741, 5699435921, 1, NULL),
(1341659741, 5899459613, 1, NULL),
(1341659741, 6004917777, 1, NULL),
(1341659741, 6180343349, 1, NULL),
(1341659741, 6308666699, 1, NULL),
(1341659741, 7049838860, 1, NULL),
(1341659741, 7115780340, 1, NULL),
(1341659741, 7138887789, 1, NULL),
(1341659741, 7996273830, 1, NULL),
(1341659741, 8072880008, 1, NULL),
(1341659741, 8208662238, 1, NULL),
(1341659741, 8640777543, 1, NULL),
(1341659741, 9050886816, 1, NULL),
(1341659821, 107309791, 1, NULL),
(1341659821, 135893749, 1, NULL),
(1341659821, 216779927, 1, NULL),
(1341659821, 229619586, 1, NULL),
(1341659821, 398740124, 1, NULL),
(1341659821, 709489495, 1, NULL),
(1341659821, 835076061, 1, NULL),
(1341659821, 1412787129, 1, NULL),
(1341659821, 1484194222, 1, NULL),
(1341659821, 1586844766, 1, NULL),
(1341659821, 1656136107, 1, NULL),
(1341659821, 1660427835, 1, NULL),
(1341659821, 2857037594, 1, NULL),
(1341659821, 2981612356, 1, NULL),
(1341659821, 2995485772, 1, NULL),
(1341659821, 3234906589, 1, NULL),
(1341659821, 3359964936, 1, NULL),
(1341659821, 3372200956, 1, NULL),
(1341659821, 3971296605, 1, NULL),
(1341659821, 5263421463, 1, NULL),
(1341659821, 5288249632, 1, NULL),
(1341659821, 5394675428, 1, NULL),
(1341659821, 5400380814, 1, NULL),
(1341659821, 5552931435, 1, NULL),
(1341659821, 5696265374, 1, NULL),
(1341659821, 5721295975, 1, NULL),
(1341659821, 5878312851, 1, NULL),
(1341659821, 6032018490, 1, NULL),
(1341659821, 6088639109, 1, NULL),
(1341659821, 6313596139, 1, NULL),
(1341659821, 7449769552, 1, NULL),
(1341659821, 7774547739, 1, NULL),
(1341659821, 8199285553, 1, NULL),
(1341659821, 8957067277, 1, NULL),
(1341659879, 589639293, 1, NULL),
(1341659879, 616135629, 1, NULL),
(1341659879, 788650208, 1, NULL),
(1341659879, 941474917, 1, NULL),
(1341659879, 975124554, 1, NULL),
(1341659879, 1414309861, 1, NULL),
(1341659879, 1653147858, 1, NULL),
(1341659879, 2820156768, 1, NULL),
(1341659879, 4048710631, 1, NULL),
(1341659879, 4315231968, 1, NULL),
(1341659879, 4532366251, 1, NULL),
(1341659879, 4641882429, 1, NULL),
(1341659879, 4972227726, 1, NULL),
(1341659879, 5408088217, 1, NULL),
(1341659879, 5737868414, 1, NULL),
(1341659879, 5776603996, 1, NULL),
(1341659879, 5857372971, 1, NULL),
(1341659879, 5931513561, 1, NULL),
(1341659879, 5985463379, 1, NULL),
(1341659879, 6212467077, 1, NULL),
(1341659879, 6460808292, 1, NULL),
(1341659879, 6844058602, 1, NULL),
(1341659879, 7383579666, 1, NULL),
(1341659879, 7511079276, 1, NULL),
(1341659879, 7969491721, 1, NULL),
(1341659879, 8057166538, 1, NULL),
(1341659879, 8429097834, 1, NULL),
(1341659879, 8453327711, 1, NULL),
(1341659879, 8596719888, 1, NULL),
(1341659879, 8647931288, 1, NULL),
(1341659879, 8777602809, 1, NULL),
(1341659879, 8901943514, 1, NULL),
(1341660042, 465194467, 1, NULL),
(1341660042, 508700526, 1, NULL),
(1341660042, 972244222, 1, NULL),
(1341660042, 1234855158, 1, NULL),
(1341660042, 1667348931, 1, NULL),
(1341660042, 1877399953, 1, NULL),
(1341660042, 1932556983, 1, NULL),
(1341660042, 1988974107, 1, NULL),
(1341660042, 2054613008, 1, NULL),
(1341660042, 2105901128, 1, NULL),
(1341660042, 2485628021, 1, NULL),
(1341660042, 2913448197, 1, NULL),
(1341660042, 3235119808, 1, NULL),
(1341660042, 3666112533, 1, NULL),
(1341660042, 3938714027, 1, NULL),
(1341660042, 4158866650, 1, NULL),
(1341660042, 4493969993, 1, NULL),
(1341660042, 4528882900, 1, NULL),
(1341660042, 4631834966, 1, NULL),
(1341660042, 4700351342, 1, NULL),
(1341660042, 4918461463, 1, NULL),
(1341660042, 6368270857, 1, NULL),
(1341660042, 6490419561, 1, NULL),
(1341660042, 6677608045, 1, NULL),
(1341660042, 6711854012, 1, NULL),
(1341660042, 6889004941, 1, NULL),
(1341660042, 7437367160, 1, NULL),
(1341660042, 7614465852, 1, NULL),
(1341660042, 7741471727, 1, NULL),
(1341660042, 7774432245, 1, NULL),
(1341660042, 8140241181, 1, NULL),
(1341660042, 8769557129, 1, NULL),
(1341660162, 251163827, 1, NULL),
(1341660162, 325167239, 1, NULL),
(1341660162, 571489866, 1, NULL),
(1341660162, 573150161, 1, NULL),
(1341660162, 801688150, 1, NULL),
(1341660162, 834838015, 1, NULL),
(1341660162, 899895640, 1, NULL),
(1341660162, 925680277, 1, NULL),
(1341660162, 1086536752, 1, NULL),
(1341660162, 1238219545, 1, NULL),
(1341660162, 1563380349, 1, NULL),
(1341660162, 1785932435, 1, NULL),
(1341660162, 1845228733, 1, NULL),
(1341660162, 1889598028, 1, NULL),
(1341660162, 2023673493, 1, NULL),
(1341660162, 2055049261, 1, NULL),
(1341660162, 2234510234, 1, NULL),
(1341660162, 2413078291, 1, NULL),
(1341660162, 2646731897, 1, NULL),
(1341660162, 2646912116, 1, NULL),
(1341660162, 2848767422, 1, NULL),
(1341660162, 3337475242, 1, NULL),
(1341660162, 3398023085, 1, NULL),
(1341660162, 3469146869, 1, NULL),
(1341660162, 3701450335, 1, NULL),
(1341660162, 3872717855, 1, NULL),
(1341660162, 3917874252, 1, NULL),
(1341660162, 4653312177, 1, NULL),
(1341660162, 4824988373, 1, NULL),
(1341660162, 4901778768, 1, NULL),
(1341660162, 4907403662, 1, NULL),
(1341660162, 5247985140, 1, NULL),
(1341660162, 6002432425, 1, NULL),
(1341660162, 6083717331, 1, NULL),
(1341660162, 6399063463, 1, NULL),
(1341660162, 6605823582, 1, NULL),
(1341660162, 6693170532, 1, NULL),
(1341660162, 6813527948, 1, NULL),
(1341660162, 7084746453, 1, NULL),
(1341660162, 7222021357, 1, NULL),
(1341660162, 7239646940, 1, NULL),
(1341660162, 7422221840, 1, NULL),
(1341660162, 7537665843, 1, NULL),
(1341660162, 7914016732, 1, NULL),
(1341660162, 7992715461, 1, NULL),
(1341660162, 8042960209, 1, NULL),
(1341660162, 8131496618, 1, NULL),
(1341660162, 8153267396, 1, NULL),
(1341660162, 8169659247, 1, NULL),
(1341660162, 8354537653, 1, NULL),
(1341660162, 8439541945, 1, NULL),
(1341660162, 8461192820, 1, NULL),
(1341660162, 8733487888, 1, NULL),
(1341660162, 8800237560, 1, NULL),
(1341660162, 9002809786, 1, NULL),
(1341660209, 159245429, 1, NULL),
(1341660209, 161538969, 1, NULL),
(1341660209, 170900792, 1, NULL),
(1341660209, 187487229, 1, NULL),
(1341660209, 351556798, 1, NULL),
(1341660209, 360588584, 1, NULL),
(1341660209, 397605885, 1, NULL),
(1341660209, 408769825, 1, NULL),
(1341660209, 435931919, 1, NULL),
(1341660209, 504343160, 1, NULL),
(1341660209, 556796683, 1, NULL),
(1341660209, 566788431, 1, NULL),
(1341660209, 624291112, 1, NULL),
(1341660209, 680954453, 1, NULL),
(1341660209, 738480167, 1, NULL),
(1341660209, 739134786, 1, NULL),
(1341660209, 758434696, 1, NULL),
(1341660209, 763076066, 1, NULL),
(1341660209, 829703244, 1, NULL),
(1341660209, 864410233, 1, NULL),
(1341660209, 886955750, 1, NULL),
(1341660209, 927683099, 1, NULL),
(1341660209, 943365523, 1, NULL),
(1341660209, 1108832011, 1, NULL),
(1341660209, 1148669252, 1, NULL),
(1341660209, 1183841738, 1, NULL),
(1341660209, 1220513160, 1, NULL),
(1341660209, 1253360724, 1, NULL),
(1341660209, 1256454576, 1, NULL),
(1341660209, 1280334275, 1, NULL),
(1341660209, 1394576237, 1, NULL),
(1341660209, 1442954219, 1, NULL),
(1341660209, 1472663648, 1, NULL),
(1341660209, 1476494019, 1, NULL),
(1341660209, 1710841747, 1, NULL),
(1341660209, 1721909933, 1, NULL),
(1341660209, 1800961103, 1, NULL),
(1341660209, 1840069320, 1, NULL),
(1341660209, 1851392207, 1, NULL),
(1341660209, 1888934148, 1, NULL),
(1341660209, 1942402727, 1, NULL),
(1341660209, 2001081095, 1, NULL),
(1341660209, 2067452869, 1, NULL),
(1341660209, 2122274765, 1, NULL),
(1341660209, 2173618255, 1, NULL),
(1341660209, 2191256839, 1, NULL),
(1341660209, 2217043136, 1, NULL),
(1341660209, 2239441903, 1, NULL),
(1341660209, 2250931807, 1, NULL),
(1341660209, 2257797969, 1, NULL),
(1341660209, 2268667856, 1, NULL),
(1341660209, 2319358186, 1, NULL),
(1341660209, 2334797828, 1, NULL),
(1341660209, 2337486583, 1, NULL),
(1341660209, 2344206950, 1, NULL),
(1341660209, 2386633395, 1, NULL),
(1341660209, 2491810354, 1, NULL),
(1341660209, 2507861916, 1, NULL),
(1341660209, 2534802250, 1, NULL),
(1341660209, 2577415200, 1, NULL),
(1341660209, 2621377243, 1, NULL),
(1341660209, 2750359042, 1, NULL),
(1341660209, 2813761837, 1, NULL),
(1341660209, 2857053143, 1, NULL),
(1341660209, 2879361863, 1, NULL),
(1341660209, 2894545169, 1, NULL),
(1341660209, 2908674845, 1, NULL),
(1341660209, 3007604931, 1, NULL),
(1341660209, 3188203504, 1, NULL),
(1341660209, 3275455294, 1, NULL),
(1341660209, 3277131306, 1, NULL),
(1341660209, 3305228393, 1, NULL),
(1341660209, 3370780441, 1, NULL),
(1341660209, 3398352661, 1, NULL),
(1341660209, 3501067303, 1, NULL),
(1341660209, 3549214522, 1, NULL),
(1341660209, 3732397018, 1, NULL),
(1341660209, 3914427941, 1, NULL),
(1341660209, 3916607143, 1, NULL),
(1341660209, 3959160775, 1, NULL),
(1341660209, 3975291672, 1, NULL),
(1341660209, 4069610714, 1, NULL),
(1341660209, 4113805933, 1, NULL),
(1341660209, 4229195319, 1, NULL),
(1341660209, 4236829305, 1, NULL),
(1341660209, 4286545642, 1, NULL),
(1341660209, 4319154900, 1, NULL),
(1341660209, 4366303331, 1, NULL),
(1341660209, 4393365069, 1, NULL),
(1341660209, 4430860616, 1, NULL),
(1341660209, 4448124025, 1, NULL),
(1341660209, 4449604781, 1, NULL),
(1341660209, 4578825715, 1, NULL),
(1341660209, 4621420938, 1, NULL),
(1341660209, 4643308870, 1, NULL),
(1341660209, 4694476190, 1, NULL),
(1341660209, 4707064257, 1, NULL),
(1341660209, 4734347905, 1, NULL),
(1341660209, 4755246756, 1, NULL),
(1341660209, 4767540443, 1, NULL),
(1341660209, 4769895440, 1, NULL),
(1341660209, 4775052020, 1, NULL),
(1341660209, 4812589233, 1, NULL),
(1341660209, 4921655857, 1, NULL),
(1341660209, 4922860009, 1, NULL),
(1341660209, 4925175829, 1, NULL),
(1341660209, 4941436905, 1, NULL),
(1341660209, 5102205647, 1, NULL),
(1341660209, 5132522723, 1, NULL),
(1341660209, 5248315295, 1, NULL),
(1341660209, 5278236477, 1, NULL),
(1341660209, 5316754599, 1, NULL),
(1341660209, 5333299470, 1, NULL),
(1341660209, 5355547086, 1, NULL),
(1341660209, 5363881305, 1, NULL),
(1341660209, 5368024362, 1, NULL),
(1341660209, 5408460172, 1, NULL),
(1341660209, 5422486147, 1, NULL),
(1341660209, 5430196500, 1, NULL),
(1341660209, 5437044608, 1, NULL),
(1341660209, 5484958047, 1, NULL),
(1341660209, 5506081700, 1, NULL),
(1341660209, 5564708344, 1, NULL),
(1341660209, 5585408367, 1, NULL),
(1341660209, 5613147077, 1, NULL),
(1341660209, 5731600267, 1, NULL),
(1341660209, 5744291709, 1, NULL),
(1341660209, 5754913634, 1, NULL),
(1341660209, 5755752193, 1, NULL),
(1341660209, 5759336739, 1, NULL),
(1341660209, 5792918432, 1, NULL),
(1341660209, 5814148301, 1, NULL),
(1341660209, 5933654216, 1, NULL),
(1341660209, 6005959069, 1, NULL),
(1341660209, 6086669303, 1, NULL),
(1341660209, 6227281948, 1, NULL),
(1341660209, 6280909449, 1, NULL),
(1341660209, 6365227640, 1, NULL),
(1341660209, 6402251705, 1, NULL),
(1341660209, 6405368616, 1, NULL),
(1341660209, 6426404787, 1, NULL),
(1341660209, 6436029961, 1, NULL),
(1341660209, 6508594394, 1, NULL),
(1341660209, 6571814329, 1, NULL),
(1341660209, 6579199246, 1, NULL),
(1341660209, 6608993341, 1, NULL),
(1341660209, 6619086553, 1, NULL),
(1341660209, 6630154462, 1, NULL),
(1341660209, 6686285343, 1, NULL),
(1341660209, 6704971497, 1, NULL),
(1341660209, 6722343008, 1, NULL),
(1341660209, 6727487594, 1, NULL),
(1341660209, 6769767992, 1, NULL),
(1341660209, 6796723263, 1, NULL),
(1341660209, 6818203004, 1, NULL),
(1341660209, 6911735815, 1, NULL),
(1341660209, 6920948977, 1, NULL),
(1341660209, 6968583827, 1, NULL),
(1341660209, 7052679152, 1, NULL),
(1341660209, 7101858049, 1, NULL),
(1341660209, 7214802216, 1, NULL),
(1341660209, 7298960883, 1, NULL),
(1341660209, 7452703310, 1, NULL),
(1341660209, 7637830852, 1, NULL),
(1341660209, 7762247145, 1, NULL),
(1341660209, 7777042302, 1, NULL),
(1341660209, 7780032203, 1, NULL),
(1341660209, 7813446375, 1, NULL),
(1341660209, 7814379457, 1, NULL),
(1341660209, 7911109494, 1, NULL),
(1341660209, 7965566174, 1, NULL),
(1341660209, 8005244620, 1, NULL),
(1341660209, 8007070626, 1, NULL),
(1341660209, 8033440228, 1, NULL),
(1341660209, 8076687554, 1, NULL),
(1341660209, 8117100305, 1, NULL),
(1341660209, 8162103456, 1, NULL),
(1341660209, 8188049579, 1, NULL),
(1341660209, 8204082307, 1, NULL),
(1341660209, 8204099305, 1, NULL),
(1341660209, 8252709834, 1, NULL),
(1341660209, 8314897488, 1, NULL),
(1341660209, 8367174739, 1, NULL),
(1341660209, 8386055219, 1, NULL),
(1341660209, 8411375490, 1, NULL),
(1341660209, 8458656615, 1, NULL),
(1341660209, 8509906840, 1, NULL),
(1341660209, 8634224462, 1, NULL),
(1341660209, 8719180072, 1, NULL),
(1341660209, 8740402724, 1, NULL),
(1341660209, 8757748737, 1, NULL),
(1341660209, 8826310475, 1, NULL),
(1341660209, 8830069860, 1, NULL),
(1341660209, 8852225744, 1, NULL),
(1341660209, 8883472708, 1, NULL),
(1341660209, 8887339037, 1, NULL),
(1341660209, 8946775951, 1, NULL),
(1341660209, 8986687246, 1, NULL),
(1341660209, 9011965675, 1, NULL),
(1341660209, 9042206634, 1, NULL),
(1341660360, 157070493, 1, NULL),
(1341660360, 222814252, 1, NULL),
(1341660360, 344680410, 1, NULL),
(1341660360, 1180725665, 1, NULL),
(1341660360, 1314243876, 1, NULL),
(1341660360, 1329037851, 1, NULL),
(1341660360, 1776397978, 1, NULL),
(1341660360, 2968512439, 1, NULL),
(1341660360, 3138316210, 1, NULL),
(1341660360, 3202248758, 1, NULL),
(1341660360, 3439467791, 1, NULL),
(1341660360, 4089656966, 1, NULL),
(1341660360, 4347823414, 1, NULL),
(1341660360, 4478055584, 1, NULL),
(1341660360, 4591030227, 1, NULL),
(1341660360, 4765561157, 1, NULL),
(1341660360, 4860271450, 1, NULL),
(1341660360, 5000965584, 1, NULL),
(1341660360, 5135816199, 1, NULL),
(1341660360, 5406147110, 1, NULL),
(1341660360, 6343031404, 1, NULL),
(1341660360, 6471894541, 1, NULL),
(1341660360, 6710081424, 1, NULL),
(1341660360, 6837960072, 1, NULL),
(1341660360, 6870581685, 1, NULL),
(1341660360, 7309923415, 1, NULL),
(1341660360, 7481631823, 1, NULL),
(1341660360, 7486028936, 1, NULL),
(1341660360, 7673543953, 1, NULL),
(1341660360, 8177915120, 1, NULL),
(1341660360, 8656258524, 1, NULL),
(1341660360, 8686386865, 1, NULL),
(1341660360, 8906999881, 1, NULL),
(1341661281, 746732662, 1, NULL),
(1341661281, 1065594492, 1, NULL),
(1341661281, 1344569115, 1, NULL),
(1341661281, 1382853534, 1, NULL),
(1341661281, 1465044272, 1, NULL),
(1341661281, 1576075479, 1, NULL),
(1341661281, 1610434778, 1, NULL),
(1341661281, 1678562577, 1, NULL),
(1341661281, 1880373416, 1, NULL),
(1341661281, 2422937085, 1, NULL),
(1341661281, 2478723119, 1, NULL),
(1341661281, 2852456155, 1, NULL),
(1341661281, 3271885911, 1, NULL),
(1341661281, 3373331197, 1, NULL),
(1341661281, 3440311471, 1, NULL),
(1341661281, 3751278101, 1, NULL),
(1341661281, 4029615155, 1, NULL),
(1341661281, 4657245804, 1, NULL),
(1341661281, 4882998352, 1, NULL),
(1341661281, 6042633332, 1, NULL),
(1341661281, 6246841488, 1, NULL),
(1341661281, 6445721847, 1, NULL),
(1341661281, 6543944056, 1, NULL),
(1341661281, 6750059942, 1, NULL),
(1341661281, 7014368708, 1, NULL),
(1341661281, 7077479208, 1, NULL),
(1341661281, 7136516431, 1, NULL),
(1341661281, 7446688733, 1, NULL),
(1341661281, 8159496324, 1, NULL),
(1341661281, 8238530772, 1, NULL),
(1341661281, 8545456688, 1, NULL),
(1341661281, 8561342892, 1, NULL),
(1341661352, 147299004, 1, NULL),
(1341661352, 685599721, 1, NULL),
(1341661352, 894287937, 1, NULL),
(1341661352, 980920992, 1, NULL),
(1341661352, 1042330033, 1, NULL),
(1341661352, 1478263849, 1, NULL),
(1341661352, 1619665240, 1, NULL),
(1341661352, 2513233518, 1, NULL),
(1341661352, 2743174159, 1, NULL),
(1341661352, 3047266580, 1, NULL),
(1341661352, 3054851281, 1, NULL),
(1341661352, 3059286129, 1, NULL),
(1341661352, 3186234394, 1, NULL),
(1341661352, 3396160458, 1, NULL),
(1341661352, 3474052211, 1, NULL),
(1341661352, 3954464386, 1, NULL),
(1341661352, 4341146583, 1, NULL),
(1341661352, 4348556546, 1, NULL),
(1341661352, 4517195165, 1, NULL),
(1341661352, 5007949545, 1, NULL),
(1341661352, 6048276507, 1, NULL),
(1341661352, 6747465584, 1, NULL),
(1341661352, 6761889615, 1, NULL),
(1341661352, 7108780462, 1, NULL),
(1341661352, 7607172146, 1, NULL),
(1341661352, 7709403512, 1, NULL),
(1341661352, 7828364318, 1, NULL),
(1341661352, 8054147695, 1, NULL),
(1341661352, 8207991459, 1, NULL),
(1341661352, 8429925455, 1, NULL),
(1341661352, 8487660532, 1, NULL),
(1341661352, 8541395882, 1, NULL),
(1341661447, 945626533, 1, NULL),
(1341661447, 1181918360, 1, NULL),
(1341661447, 1392734624, 1, NULL),
(1341661447, 2070900756, 1, NULL),
(1341661447, 2101686497, 1, NULL),
(1341661447, 2217807582, 1, NULL),
(1341661447, 2323198422, 1, NULL),
(1341661447, 2345638856, 1, NULL),
(1341661447, 2442163788, 1, NULL),
(1341661447, 2537301851, 1, NULL),
(1341661447, 2657023818, 1, NULL),
(1341661447, 2692704566, 1, NULL),
(1341661447, 2905961632, 1, NULL),
(1341661447, 2972712477, 1, NULL),
(1341661447, 3392803925, 1, NULL),
(1341661447, 3566021570, 1, NULL),
(1341661447, 3601081311, 1, NULL),
(1341661447, 4148738193, 1, NULL),
(1341661447, 4839240106, 1, NULL),
(1341661447, 5115653405, 1, NULL),
(1341661447, 5583802982, 1, NULL),
(1341661447, 5763859002, 1, NULL),
(1341661447, 6880059874, 1, NULL),
(1341661447, 6956428500, 1, NULL),
(1341661447, 7329623025, 1, NULL),
(1341661447, 7442123848, 1, NULL),
(1341661447, 7527123311, 1, NULL),
(1341661447, 7678701171, 1, NULL),
(1341661447, 8059284242, 1, NULL),
(1341661447, 8262984816, 1, NULL),
(1341661447, 8329228195, 1, NULL),
(1341661447, 8408305660, 1, NULL),
(1341661447, 8572442896, 1, NULL),
(1341661447, 8806385988, 1, NULL),
(1341661484, 434605726, 1, NULL),
(1341661484, 726295378, 1, NULL),
(1341661484, 772945363, 1, NULL),
(1341661484, 870269518, 1, NULL),
(1341661484, 1021165535, 1, NULL),
(1341661484, 1066262798, 1, NULL),
(1341661484, 1239545159, 1, NULL),
(1341661484, 1260495374, 1, NULL),
(1341661484, 1633318899, 1, NULL),
(1341661484, 2148156297, 1, NULL),
(1341661484, 2353451502, 1, NULL),
(1341661484, 2395019397, 1, NULL),
(1341661484, 2464875418, 1, NULL),
(1341661484, 2843120618, 1, NULL),
(1341661484, 3299551456, 1, NULL),
(1341661484, 3515309221, 1, NULL),
(1341661484, 5471122660, 1, NULL),
(1341661484, 5851829892, 1, NULL),
(1341661484, 6646987469, 1, NULL),
(1341661484, 6676430773, 1, NULL),
(1341661484, 6922146282, 1, NULL),
(1341661484, 7076727444, 1, NULL),
(1341661484, 7316523258, 1, NULL),
(1341661484, 7725664974, 1, NULL),
(1341661484, 7814866018, 1, NULL),
(1341661484, 7949182806, 1, NULL),
(1341661484, 7989827845, 1, NULL),
(1341661484, 8671005310, 1, NULL),
(1341661484, 8747690470, 1, NULL),
(1341661484, 8811600654, 1, NULL),
(1341661484, 9025588975, 1, NULL),
(1341661484, 9043736583, 1, NULL),
(1341661623, 476676342, 1, NULL),
(1341661623, 529719682, 1, NULL),
(1341661623, 605914350, 1, NULL),
(1341661623, 637666039, 1, NULL),
(1341661623, 893714288, 1, NULL),
(1341661623, 1218351358, 1, NULL),
(1341661623, 1392601394, 1, NULL),
(1341661623, 1825998007, 1, NULL),
(1341661623, 1875890263, 1, NULL),
(1341661623, 1984464433, 1, NULL),
(1341661623, 2063465212, 1, NULL),
(1341661623, 2417858633, 1, NULL),
(1341661623, 2589577476, 1, NULL),
(1341661623, 3801457571, 1, NULL),
(1341661623, 3815597230, 1, NULL),
(1341661623, 3843502153, 1, NULL),
(1341661623, 4008615923, 1, NULL),
(1341661623, 4220561012, 1, NULL),
(1341661623, 4279617345, 1, NULL),
(1341661623, 4332500784, 1, NULL),
(1341661623, 4574634127, 1, NULL),
(1341661623, 4749229438, 1, NULL),
(1341661623, 5532671402, 1, NULL),
(1341661623, 5897934836, 1, NULL),
(1341661623, 5908303217, 1, NULL),
(1341661623, 6153028554, 1, NULL),
(1341661623, 6193220098, 1, NULL),
(1341661623, 6600878519, 1, NULL),
(1341661623, 7274985958, 1, NULL),
(1341661623, 7819777612, 1, NULL),
(1341661623, 8384700016, 1, NULL),
(1341661623, 8903724258, 1, NULL),
(1341661777, 170582565, 1, NULL),
(1341661777, 970708355, 1, NULL),
(1341661777, 1230789817, 1, NULL),
(1341661777, 1485592256, 1, NULL),
(1341661777, 1500651887, 1, NULL),
(1341661777, 2064173985, 1, NULL),
(1341661777, 2410892383, 1, NULL),
(1341661777, 2451827025, 1, NULL),
(1341661777, 3219990967, 1, NULL),
(1341661777, 4056312363, 1, NULL),
(1341661777, 4064408427, 1, NULL),
(1341661777, 4172096169, 1, NULL),
(1341661777, 4329925126, 1, NULL),
(1341661777, 4362326848, 1, NULL),
(1341661777, 4730965347, 1, NULL),
(1341661777, 5250957439, 1, NULL),
(1341661777, 6008425377, 1, NULL),
(1341661777, 6180432969, 1, NULL),
(1341661777, 6484603434, 1, NULL),
(1341661777, 6528500752, 1, NULL),
(1341661777, 6961334479, 1, NULL),
(1341661777, 7625378177, 1, NULL),
(1341661777, 7643039777, 1, NULL),
(1341661777, 7660264228, 1, NULL),
(1341661777, 7681396539, 1, NULL),
(1341661777, 7702358632, 1, NULL),
(1341661777, 7725595648, 1, NULL),
(1341661777, 7782515182, 1, NULL),
(1341661777, 8298187594, 1, NULL),
(1341661777, 8349982081, 1, NULL),
(1341661777, 8422979539, 1, NULL),
(1341661777, 8567255839, 1, NULL),
(1341662058, 206742598, 1, NULL),
(1341662058, 261399405, 1, NULL),
(1341662058, 430619217, 1, NULL),
(1341662058, 976871343, 1, NULL),
(1341662058, 1285735732, 1, NULL),
(1341662058, 1505241667, 1, NULL),
(1341662058, 2219763407, 1, NULL),
(1341662058, 2250613873, 1, NULL),
(1341662058, 2302739948, 1, NULL),
(1341662058, 2922912581, 1, NULL),
(1341662058, 2941452873, 1, NULL),
(1341662058, 3025493422, 1, NULL),
(1341662058, 3324248549, 1, NULL),
(1341662058, 3735652473, 1, NULL),
(1341662058, 3763406321, 1, NULL),
(1341662058, 4220792268, 1, NULL),
(1341662058, 4313790104, 1, NULL),
(1341662058, 4995401676, 1, NULL),
(1341662058, 4998745695, 1, NULL),
(1341662058, 5205203085, 1, NULL),
(1341662058, 5407239591, 1, NULL),
(1341662058, 5429896680, 1, NULL),
(1341662058, 5872954820, 1, NULL),
(1341662058, 6202839648, 1, NULL),
(1341662058, 6671629611, 1, NULL),
(1341662058, 7069370136, 1, NULL),
(1341662058, 7336440504, 1, NULL),
(1341662058, 7657470866, 1, NULL),
(1341662058, 7944959232, 1, NULL),
(1341662058, 8425174231, 1, NULL),
(1341662058, 8611743603, 1, NULL),
(1341662058, 8859717967, 1, NULL),
(1341677482, 2576970306, 1, NULL),
(1341677482, 2662308918, 1, NULL),
(1341677482, 3299798219, 1, NULL),
(1341677482, 3922847512, 1, NULL),
(1341677482, 4797925052, 1, NULL),
(1341677482, 6544858187, 1, 1341678152),
(1341677482, 7158714619, 1, NULL),
(134279564629871600, 836825440, 1, NULL),
(134279564629871600, 1018752335, 1, NULL),
(134279564629871600, 1126297316, 1, NULL),
(134279564629871600, 1149340467, 1, NULL),
(134279564629871600, 1172069523, 1, NULL),
(134279564629871600, 1284197485, 1, 134279576401934900),
(134279564629871600, 1364085530, 1, NULL),
(134279564629871600, 1378024350, 1, NULL),
(134279564629871600, 1432559007, 1, NULL),
(134279564629871600, 1837123651, 1, NULL),
(134279564629871600, 1922183992, 1, NULL),
(134279564629871600, 1986531310, 1, NULL),
(134279564629871600, 2073658729, 1, NULL),
(134279564629871600, 2504479793, 1, NULL),
(134279564629871600, 2944308177, 1, NULL),
(134279564629871600, 3126024602, 1, NULL),
(134279564629871600, 3491717273, 1, NULL),
(134279564629871600, 3505862313, 1, NULL),
(134279564629871600, 3681458298, 1, NULL),
(134279564629871600, 3911201721, 1, NULL),
(134279564629871600, 4149759495, 1, NULL),
(134279564629871600, 4615688144, 1, NULL),
(134279564629871600, 4663855806, 1, NULL),
(134279564629871600, 4808757052, 1, NULL),
(134279564629871600, 5154562937, 1, NULL),
(134279564629871600, 5267603991, 1, NULL),
(134279564629871600, 5659401956, 1, NULL),
(134279564629871600, 5665177725, 1, NULL),
(134279564629871600, 5746452530, 1, NULL),
(134279564629871600, 5987379734, 1, NULL),
(134279564629871600, 6046251070, 1, NULL),
(134279564629871600, 6328964383, 1, NULL),
(134279564629871600, 6394621164, 1, NULL),
(134279564629871600, 6497270652, 1, NULL),
(134279564629871600, 6620438662, 1, NULL),
(134279564629871600, 6925730233, 1, NULL),
(134279564629871600, 7402165891, 1, NULL),
(134279564629871600, 7518853977, 1, NULL),
(134279564629871600, 7655695068, 1, NULL),
(134279564629871600, 7742222058, 1, NULL),
(134279564629871600, 7810674362, 1, NULL),
(134279564629871600, 7816654666, 1, NULL),
(134279564629871600, 8118551037, 1, NULL),
(134279564629871600, 8276682648, 1, NULL),
(134279564629871600, 8278663174, 1, NULL),
(134279564629871600, 8452727332, 1, NULL),
(134279564629871600, 8535252207, 1, NULL),
(134279564629871600, 8750706983, 1, NULL),
(134279564629871600, 8871607051, 1, NULL),
(134279564629871600, 8964196923, 1, NULL),
(134289412722057200, 1712317440, 1, NULL),
(134289412722057200, 2718268297, 1, NULL),
(134289412722057200, 6517142611, 1, NULL),
(134289412722057200, 8354389445, 1, NULL),
(134292860699719900, 2383655439, 1, NULL),
(134292860699719900, 4635088109, 1, NULL),
(134292860699719900, 5162775702, 1, 134292879231306500),
(134292860699719900, 5394396453, 1, NULL),
(134292935843240700, 149824094, 1, NULL),
(134292935843240700, 1626879385, 1, NULL),
(134292935843240700, 2103764162, 1, NULL),
(134292935843240700, 5930647233, 1, NULL),
(134293031711319800, 118189727, 1, 134293043218784900),
(134293031711319800, 1080729921, 1, NULL),
(134293031711319800, 2014721385, 1, NULL),
(134293031711319800, 2492075842, 1, NULL),
(134298570269117200, 108232429, 1, NULL),
(134298570269117200, 4215474588, 1, 134301988687541100),
(134298570269117200, 5794738654, 1, 134301974609983400),
(134298570269117200, 6956380262, 1, 134298584113390800),
(134370849611215800, 792432575, 1, NULL),
(134370849611215800, 5064386525, 1, NULL),
(134370849611215800, 8143166775, 1, NULL),
(134419270361352700, 246745147, 1, NULL),
(134419270361352700, 1154256914, 1, NULL),
(134419270361352700, 4595547621, 1, NULL),
(134419270361352700, 4808179900, 1, NULL);

-- --------------------------------------------------------

--
-- Table structure for table `credits`
--

CREATE TABLE IF NOT EXISTS `credits` (
  `UserID` bigint(20) unsigned NOT NULL,
  `EventID` bigint(20) unsigned NOT NULL,
  `EventExists` bigint(20) unsigned DEFAULT NULL,
  `EventName` varchar(100) NOT NULL,
  `Department` varchar(15) NOT NULL,
  `Unit` enum('hours','atomic') NOT NULL,
  `Amount` int(11) NOT NULL,
  `Social` tinyint(1) NOT NULL,
  PRIMARY KEY (`UserID`,`EventID`),
  KEY `Unit` (`Unit`),
  KEY `EventID` (`EventExists`)
) ENGINE=InnoDB DEFAULT CHARSET=latin1;

--
-- Dumping data for table `credits`
--

INSERT INTO `credits` (`UserID`, `EventID`, `EventExists`, `EventName`, `Department`, `Unit`, `Amount`, `Social`) VALUES
(1333983784, 1341631472, NULL, 'jojo', 'ENGA', 'hours', 21, 0),
(1333983784, 1341716903, 1341716903, 'Independence Day', 'NSS', 'atomic', 1, 0),
(1333983784, 1341980899, NULL, 'xavotsav 2013', 'ADMIN', 'atomic', 2, 0),
(1333983784, 1341983766, 1341983766, 'Xavotsav 2014', 'ADMIN', 'hours', 15, 0),
(1333983784, 134292365156659100, 134292365156659100, 'Science Congress', 'BSC', 'atomic', 12, 0),
(1334313221, 1340419574, 1340419574, 'Seminar on MATLAB', 'CMSA', 'hours', 15, 0),
(1334313221, 1341983766, 1341983766, 'Xavotsav 2014', 'ADMIN', 'hours', 15, 0),
(134298584113390800, 1340419574, 1340419574, 'Seminar on MATLAB', 'CMSA', 'hours', 15, 0),
(134298584113390800, 1341630631, 1341630631, 'Literaria 2013', 'ENGA', 'atomic', 12, 1),
(134298584113390800, 1341716903, 1341716903, 'Independence Day', 'NSS', 'atomic', 2, 0),
(134298584113390800, 134292365156659100, 134292365156659100, 'Science Congress', 'BSC', 'atomic', 12, 0);

-- --------------------------------------------------------

--
-- Table structure for table `departments`
--

CREATE TABLE IF NOT EXISTS `departments` (
  `Code` varchar(15) NOT NULL,
  `Name` varchar(50) NOT NULL,
  `Type` enum('academic','nonacademic','admin') NOT NULL,
  `Years` int(2) NOT NULL DEFAULT '3',
  `Section` enum('ba','bsc','bcomM','bcomE','bba','bed','msc','na') NOT NULL,
  PRIMARY KEY (`Code`)
) ENGINE=InnoDB DEFAULT CHARSET=latin1;

--
-- Dumping data for table `departments`
--

INSERT INTO `departments` (`Code`, `Name`, `Type`, `Years`, `Section`) VALUES
('ADMIN', 'Administration', 'admin', 0, 'na'),
('BA', 'BA', 'admin', 0, 'ba'),
('BBA', 'Business Administration', 'academic', 3, 'bba'),
('BBA(S)', 'BBA Section', 'admin', 0, 'bba'),
('BIOA', 'Biology', 'academic', 3, 'bsc'),
('BMBT', 'Biotechnology', 'academic', 5, 'msc'),
('BSC', 'BSc', 'admin', 0, 'bsc'),
('CEMA', 'Chemistry', 'academic', 3, 'bsc'),
('CMSA', 'Computer Science', 'academic', 3, 'bsc'),
('COGA', 'Cognitive Science', 'academic', 3, 'msc'),
('ENGA', 'English', 'academic', 3, 'ba'),
('HISA', 'History', 'academic', 3, 'ba'),
('MCBA', 'Micro Biology', 'academic', 3, 'bsc'),
('MTMA', 'Mathematics', 'academic', 3, 'bsc'),
('NCA', 'National Cadet Academy', 'nonacademic', 0, 'na'),
('NSS', 'National Service Scheme', 'nonacademic', 0, 'na'),
('PLSA', 'Political Science', 'academic', 3, 'ba'),
('SOCA', 'Sociolgy', 'academic', 3, 'ba'),
('sports', 'Sports', 'nonacademic', 0, 'na'),
('SXCSA', 'Science Association', 'nonacademic', 0, 'na');

-- --------------------------------------------------------

--
-- Table structure for table `eventassociationsinfo`
--

CREATE TABLE IF NOT EXISTS `eventassociationsinfo` (
  `EventID` bigint(20) unsigned NOT NULL,
  `UserID` bigint(20) unsigned NOT NULL,
  `Role` varchar(50) NOT NULL,
  `State` enum('submitted','accepted','rejected','attended','accredited') NOT NULL DEFAULT 'submitted',
  PRIMARY KEY (`EventID`,`UserID`),
  KEY `UserID` (`UserID`),
  KEY `Role` (`Role`)
) ENGINE=InnoDB DEFAULT CHARSET=latin1;

--
-- Dumping data for table `eventassociationsinfo`
--

INSERT INTO `eventassociationsinfo` (`EventID`, `UserID`, `Role`, `State`) VALUES
(1340418639, 1333983784, 'Winner', 'accredited'),
(1340419574, 1333983784, 'Attendant', 'submitted'),
(1340419574, 1334313221, 'Attendant', 'accredited'),
(1340419574, 134298584113390800, 'Attendant', 'accredited'),
(1340419754, 1333983784, 'Audience', 'submitted'),
(1340938678, 1333983784, 'Group B', 'accredited'),
(1341630631, 134298584113390800, 'Participant', 'accredited'),
(1341716903, 1333983784, 'Hospitality', 'accredited'),
(1341716903, 134298584113390800, 'March Past', 'accredited'),
(1341983766, 1333983784, 'Winner', 'accredited'),
(1341983766, 1334313221, 'Participant', 'accredited'),
(134292365156659100, 1333983784, 'Participant', 'accredited'),
(134292365156659100, 134298584113390800, 'Participant', 'accredited');

-- --------------------------------------------------------

--
-- Table structure for table `eventrolesinfo`
--

CREATE TABLE IF NOT EXISTS `eventrolesinfo` (
  `EventID` bigint(20) unsigned NOT NULL,
  `Role` varchar(50) NOT NULL,
  `Credit` int(11) DEFAULT NULL,
  `Visible` tinyint(1) NOT NULL,
  PRIMARY KEY (`EventID`,`Role`),
  KEY `Role` (`Role`)
) ENGINE=InnoDB DEFAULT CHARSET=latin1;

--
-- Dumping data for table `eventrolesinfo`
--

INSERT INTO `eventrolesinfo` (`EventID`, `Role`, `Credit`, `Visible`) VALUES
(1340418639, 'aq1', 3, 0),
(1340418639, 'Audience', 5, 1),
(1340418639, 'Participant', 10, 1),
(1340418639, 'Runners Up', 18, 0),
(1340418639, 'Volunteer', 12, 0),
(1340418639, 'Winner', 20, 0),
(1340419574, 'Attendant', 15, 1),
(1340419574, 'Volunteer', 20, 1),
(1340419652, 'Participant', 15, 1),
(1340419652, 'Winner/Runners UP', 20, 0),
(1340419754, 'Audience', 1, 1),
(1340938678, 'Audience', 10, 1),
(1340938678, 'Co-ordinator', 18, 0),
(1340938678, 'Group A', 15, 1),
(1340938678, 'Group B', 15, 1),
(1340938678, 'Group C', 15, 1),
(1340938678, 'Volunteer', 15, 1),
(1341154436, 'Reader', 12, 1),
(1341154436, 'Writer', 12, 0),
(1341630631, 'Participant', 12, 1),
(1341716903, 'Escort', 1, 0),
(1341716903, 'Hospitality', 1, 1),
(1341716903, 'March Past', 2, 1),
(1341716903, 'Time keeper', 1, 0),
(1341716903, 'Volunteer', 1, 1),
(1341983766, 'Audience', 13, 1),
(1341983766, 'Participant', 15, 1),
(1341983766, 'Runner Up', 12, 0),
(1341983766, 'Winner', 15, 0),
(134292365156659100, 'Participant', 12, 1);

-- --------------------------------------------------------

--
-- Table structure for table `events`
--

CREATE TABLE IF NOT EXISTS `events` (
  `EventID` bigint(20) unsigned NOT NULL,
  `Department` varchar(15) NOT NULL,
  `StartDate` date NOT NULL,
  `EndDate` date NOT NULL,
  `EventName` varchar(100) NOT NULL,
  `Details` text NOT NULL,
  `SocialCredit` tinyint(1) NOT NULL,
  `Unit` enum('hours','atomic') NOT NULL,
  `open` int(1) NOT NULL DEFAULT '1',
  PRIMARY KEY (`EventID`),
  KEY `Department` (`Department`),
  KEY `Unit` (`Unit`)
) ENGINE=InnoDB DEFAULT CHARSET=latin1;

--
-- Dumping data for table `events`
--

INSERT INTO `events` (`EventID`, `Department`, `StartDate`, `EndDate`, `EventName`, `Details`, `SocialCredit`, `Unit`, `open`) VALUES
(1340418639, 'ENGA', '2012-09-05', '2012-09-05', 'Debate Hour', '', 1, 'hours', 1),
(1340419574, 'CMSA', '2012-07-24', '2012-07-24', 'Seminar on MATLAB', 'Learn and share about the software MATLAB', 0, 'hours', 0),
(1340419652, 'CMSA', '2012-09-09', '2012-09-10', 'XavCode 2012', '', 0, 'atomic', 1),
(1340419754, 'MCBA', '2012-09-08', '2012-09-08', 'UGC Seminar on Bacteria', '', 0, 'atomic', 1),
(1340938678, 'NSS', '2012-01-01', '2012-01-01', 'March', '', 0, 'hours', 0),
(1341154436, 'ENGA', '2012-01-01', '2012-01-01', 'Shakespeare Evening', '', 0, 'hours', 0),
(1341630631, 'ENGA', '2013-02-01', '2016-05-04', 'Literaria 2013', 'Essay Writing,\r\nDebate,\r\nLiterary skills to be tested!\r\n\r\nWrite to win!!!', 1, 'atomic', 1),
(1341716903, 'NSS', '2013-08-14', '2013-08-15', 'Independence Day', 'Flag hoisting', 0, 'atomic', 1),
(1341983766, 'ADMIN', '2014-01-01', '2014-01-03', 'Xavotsav 2014', 'Fest', 0, 'hours', 1),
(134292365156659100, 'BSC', '2012-08-05', '2012-09-01', 'Science Congress', '', 0, 'atomic', 1);

-- --------------------------------------------------------

--
-- Table structure for table `registryinfo`
--

CREATE TABLE IF NOT EXISTS `registryinfo` (
  `Key` varchar(100) NOT NULL,
  `Value` varchar(100) NOT NULL,
  PRIMARY KEY (`Key`)
) ENGINE=InnoDB DEFAULT CHARSET=latin1;

-- --------------------------------------------------------

--
-- Table structure for table `reportissuedinfo`
--

CREATE TABLE IF NOT EXISTS `reportissuedinfo` (
  `UserID` bigint(20) unsigned NOT NULL,
  `ReportID` bigint(20) unsigned NOT NULL,
  PRIMARY KEY (`UserID`,`ReportID`)
) ENGINE=InnoDB DEFAULT CHARSET=latin1;

--
-- Dumping data for table `reportissuedinfo`
--

INSERT INTO `reportissuedinfo` (`UserID`, `ReportID`) VALUES
(1333983784, 134410537054367500),
(134298584113390800, 134384660134242900);

-- --------------------------------------------------------

--
-- Table structure for table `users`
--

CREATE TABLE IF NOT EXISTS `users` (
  `UserID` bigint(20) unsigned NOT NULL,
  `UserType` enum('student','cr','dept','system','section') NOT NULL,
  `FirstName` varchar(50) NOT NULL,
  `LastName` varchar(50) NOT NULL,
  `Department` varchar(15) NOT NULL,
  `Year` int(2) NOT NULL,
  `Roll` int(11) NOT NULL,
  `Email` varchar(100) NOT NULL,
  `Password` varchar(100) NOT NULL,
  `Status` tinyint(1) DEFAULT '1',
  PRIMARY KEY (`UserID`),
  UNIQUE KEY `Email` (`Email`),
  UNIQUE KEY `Department_2` (`Department`,`Year`,`Roll`),
  KEY `Department` (`Department`)
) ENGINE=InnoDB DEFAULT CHARSET=latin1;

--
-- Dumping data for table `users`
--

INSERT INTO `users` (`UserID`, `UserType`, `FirstName`, `LastName`, `Department`, `Year`, `Roll`, `Email`, `Password`, `Status`) VALUES
(1, 'system', 'Anuvabh', 'Dutt', 'ADMIN', 0, 0, 'anuvabhdutt@gmail.com', 'anuvabh', 1),
(2, 'section', 'BSc', 'Department', 'BSC', 0, 0, 'bsc@gmail.com', 'bsc', 1),
(123, 'cr', 'Anil', 'Ambani', 'BMBT', 0, 999, 'anil@gmail.com', 'anil', 1),
(1234567890, 'cr', 'Damon', 'Salvatore', 'BSC', 2, 234, 'damon@gmail.com', 'damon', 1),
(1333983674, 'student', 'Gaurav', 'Bhadra', 'CMSA', 3, 516, 'gaurav@gmail.com', 'gaurav', 1),
(1333983784, 'student', 'Mourjo', 'Sen', 'CMSA', 3, 561, 'sen.mourjo@gmail.com', 'mourjo', 1),
(1334313221, 'cr', 'Anirban', 'Mukh', 'CMSA', 2, 552, 'anirban@gmail.com', 'anirban', 1),
(1334313569, 'student', 'Adil', 'Alam', 'CMSA', 3, 567, 'adil@gmail.com', 'adil', 1),
(1338983470, 'dept', 'Sports', 'Department', 'sports', 0, 0, 'sports', 'sports', 1),
(1339219732, 'dept', 'English', 'Department', 'ENGA', 0, 0, 'english@sxccal.edu', 'english', 1),
(1339297078, 'dept', 'Cognitive Science', 'Department', 'COGA', 0, 0, 'cognitive@gmail.com', 'cognitivesc', 1),
(1339297197, 'cr', 'Tim', 'Barners Lee', 'COGA', 1, 666, 'tim@acm.org', 'timB', 1),
(1339573888, 'dept', 'Computer Science', 'Department', 'CMSA', 0, 0, 'cmsa@sxccal.edu', 'cmsa', 1),
(1340419035, 'dept', 'Biotechnology', 'Department', 'BMBT', 0, 0, 'biotech@gmail.com', 'biotech', 1),
(1340419120, 'dept', 'Micro Biology', 'Department', 'MCBA', 0, 0, 'mcba@sxccal.edu', 'mcba2012', 1),
(1340419275, 'dept', 'Mathematics', 'Department', 'MTMA', 0, 0, 'maths@sxccal.edu', 'mathematics', 1),
(1340419307, 'dept', 'National Service Scheme', 'Department', 'NSS', 0, 0, 'nss@gmail.com', 'nsskolkata', 1),
(1340419339, 'dept', 'National Cadet Academy', 'Department', 'NCA', 0, 0, 'nca@sxccal.edu', 'ncakolkata', 1),
(1341678152, 'student', 'Danny', 'Boyle', 'COGA', 3, 23, 'danny@gmail.com', 'danny', 1),
(134237963734214100, 'dept', 'Chemistry', 'Department', 'CEMA', 0, 0, 'chemistry@gmail.com', 'cema', 1),
(134237969951857200, 'dept', 'Science Association', 'Department', 'SXCSA', 0, 0, 'sxcsa@gmail.com', 'sxcsa', 1),
(134279576401934900, 'student', 'a', 'b', 'COGA', 4, 34, 'aaa@b.com', 'a', 1),
(134284229452714000, 'cr', 'Ram', 'Gopal', 'CMSA', 4, 33, 'ramgopal@gmail.com', 'ram', 1),
(134284247492159800, 'cr', 'Yash', 'Chopra', 'CMSA', 3, 23, 'yash@gmail.com', 'yash', 1),
(134284796885000300, 'section', 'BA', 'Department', 'BA', 0, 0, 'ba@gmail.com', 'ba', 1),
(134284854781715600, 'cr', 'Mani', 'Bhoumick', 'ENGA', 2, 22, 'mani@gmail.com', 'mani', 1),
(134285321225392600, 'dept', 'Political Science', 'Department', 'PLSA', 0, 0, 'plsa@gmail.com', 'plsa', 1),
(134285344092515700, 'cr', 'Gopal', 'Gandhi', 'PLSA', 2, 567, 'gopal@gmail.com', 'gopal', 1),
(134289265893759100, 'student', 'Pranab', 'Mukherjee', 'PLSA', 1, 33, 'pranab@sxccal.edu', 'pranab', 1),
(134289422113936200, 'dept', 'History', 'Department', 'HISA', 0, 0, 'hisa@gmail.com', 'hisa', 1),
(134289523034547000, 'section', 'BBA Section', 'Department', 'BBA(S)', 0, 0, 'bbasec@gmail.com', 'bbasec', 1),
(134289532276647100, 'dept', 'Business Administration', 'Department', 'BBA', 0, 0, 'bba@gmail.com', 'bba', 1),
(134292677601743700, 'dept', 'Biology', 'Department', 'BIOA', 0, 0, 'bioa@sxccal.edu', 'bio', 1),
(134292858867091900, 'cr', 'Dr', 'Connors', 'BIOA', 1, 46, 'connors@gmail.com', 'connors', 1),
(134292879231306500, 'student', 'Peter', 'Jackson', 'BIOA', 1, 268, 'peter@gmail.com', 'peter', 1),
(134293043218784900, 'student', 'Jhonny', 'Bravo', 'BIOA', 1, 55, 'jhonny@sxccal.edu', 'jhonny', 1),
(134298530397819800, 'dept', 'Sociolgy', 'Department', 'SOCA', 0, 0, 'soca@gmail.com', 'soca', 1),
(134298561724562300, 'cr', 'Prodosh', 'Mitter', 'SOCA', 1, 456, 'prodoshmitter@gmail.com', 'prodosh', 1),
(134298584113390800, 'student', 'Lalmohon', 'Ganguly', 'SOCA', 1, 459, 'jatayu@feluda.com', 'jatayu', 1),
(134301974609983400, 'student', 'abc', 'def', 'SOCA', 1, 552, 'abcsd@defs.com', 'eee', 1),
(134301988687541100, 'student', 'hhh', 'hhh', 'SOCA', 1, 4569, 'hhh@fff.com', 'vvv', 1);

--
-- Constraints for dumped tables
--

--
-- Constraints for table `blocksetsinfo`
--
ALTER TABLE `blocksetsinfo`
  ADD CONSTRAINT `blocksetsinfo_ibfk_1` FOREIGN KEY (`BlockID`) REFERENCES `blocksinfo` (`BlockID`) ON DELETE CASCADE ON UPDATE CASCADE;

--
-- Constraints for table `blocksinfo`
--
ALTER TABLE `blocksinfo`
  ADD CONSTRAINT `blocksinfo_ibfk_1` FOREIGN KEY (`Department`) REFERENCES `departments` (`Code`) ON DELETE CASCADE ON UPDATE CASCADE,
  ADD CONSTRAINT `blocksinfo_ibfk_2` FOREIGN KEY (`CRID`) REFERENCES `users` (`UserID`) ON DELETE SET NULL ON UPDATE CASCADE;

--
-- Constraints for table `codesetsinfo`
--
ALTER TABLE `codesetsinfo`
  ADD CONSTRAINT `codesetsinfo_ibfk_1` FOREIGN KEY (`BlockSetID`) REFERENCES `blocksetsinfo` (`BlockSetID`) ON DELETE CASCADE ON UPDATE CASCADE,
  ADD CONSTRAINT `codesetsinfo_ibfk_2` FOREIGN KEY (`UserID`) REFERENCES `users` (`UserID`) ON DELETE CASCADE ON UPDATE CASCADE;

--
-- Constraints for table `credits`
--
ALTER TABLE `credits`
  ADD CONSTRAINT `credits_ibfk_7` FOREIGN KEY (`UserID`) REFERENCES `users` (`UserID`) ON DELETE CASCADE ON UPDATE CASCADE,
  ADD CONSTRAINT `credits_ibfk_8` FOREIGN KEY (`EventExists`) REFERENCES `events` (`EventID`) ON DELETE SET NULL ON UPDATE CASCADE;

--
-- Constraints for table `eventassociationsinfo`
--
ALTER TABLE `eventassociationsinfo`
  ADD CONSTRAINT `eventassociationsinfo_ibfk_1` FOREIGN KEY (`EventID`) REFERENCES `events` (`EventID`) ON DELETE CASCADE ON UPDATE CASCADE,
  ADD CONSTRAINT `eventassociationsinfo_ibfk_2` FOREIGN KEY (`UserID`) REFERENCES `users` (`UserID`) ON DELETE CASCADE ON UPDATE CASCADE,
  ADD CONSTRAINT `eventassociationsinfo_ibfk_3` FOREIGN KEY (`Role`) REFERENCES `eventrolesinfo` (`Role`) ON DELETE CASCADE ON UPDATE CASCADE;

--
-- Constraints for table `eventrolesinfo`
--
ALTER TABLE `eventrolesinfo`
  ADD CONSTRAINT `eventrolesinfo_ibfk_1` FOREIGN KEY (`EventID`) REFERENCES `events` (`EventID`) ON DELETE CASCADE ON UPDATE CASCADE;

--
-- Constraints for table `events`
--
ALTER TABLE `events`
  ADD CONSTRAINT `events_ibfk_1` FOREIGN KEY (`Department`) REFERENCES `departments` (`Code`) ON DELETE CASCADE ON UPDATE CASCADE;

--
-- Constraints for table `reportissuedinfo`
--
ALTER TABLE `reportissuedinfo`
  ADD CONSTRAINT `reportissuedinfo_ibfk_1` FOREIGN KEY (`UserID`) REFERENCES `users` (`UserID`) ON DELETE CASCADE ON UPDATE CASCADE;

--
-- Constraints for table `users`
--
ALTER TABLE `users`
  ADD CONSTRAINT `users_ibfk_1` FOREIGN KEY (`Department`) REFERENCES `departments` (`Code`) ON DELETE CASCADE ON UPDATE CASCADE;

/*!40101 SET CHARACTER_SET_CLIENT=@OLD_CHARACTER_SET_CLIENT */;
/*!40101 SET CHARACTER_SET_RESULTS=@OLD_CHARACTER_SET_RESULTS */;
/*!40101 SET COLLATION_CONNECTION=@OLD_COLLATION_CONNECTION */;
